"# of Use","# de Uso"
"%1$s incl tax.","%1$s incl imposto."
"%s - %s","%s - %s"
"%s Item(s)","%s Produto(s)"
"%s and above","%s e acima"
"%s-%s of %s","%s-%s of %s"
"%s is available for purchase in increments of %s","%s está disponível somente na quantidade mínima de %s itens"
"(%d)","(%d)"
"(Copy data from: %s)","(Dados copiados em: %s)"
"* Required Fields","*Campos Obrigatórios"
"-- Please Select --","Selecione..."
"- OR -","- OU -"
"86400 by default, if not set. To refresh instantly, Clear the Blocks HTML Output Cache.","86400 por padrão, se não for informado. Para atualizar imediatamente, Limpe os caches de saída para blocos HTML."
"<strong style=""color:red"">Warning!</strong> Applying MAP by default will hide all product prices on the frontend.","<strong style=""color:red"">Atenção!</strong> Utilizando MAP por padrão todos os preços de produtos serão ocultados no frontend."
"A group with the same name already exists.","Um grupo com o mesmo nome já existe."
"A name is required","Nome é obrigatório"
"A product type is not defined for the indexer.","O tipo de produto não está definido no indexador."
"ALL GROUPS","TODOS OS GRUPOS"
"AM","AM"
"Action","Ações"
"Actual Price","Preço Atual"
"Add","Adicionar"
"Add Attribute","Adicionar Atributo"
"Add Design Change","Mudar Visual"
"Add Group","Criar Grupo"
"Add Group Price","Adicionar Preço de Grupo"
"Add New","Criar Pasta"
"Add New Attribute","Criar Atributo"
"Add New Attribute Set","Novo Grupo de Atributos"
"Add New Group","Novo Grupo"
"Add New Images","Adicionar Imagens"
"Add New Option","Nova Opção"
"Add New Row","Adicionar Linha"
"Add New Search Term","Criar Termo de Pesquisa"
"Add New Set","Criar Grupo"
"Add Product","Criar Produto"
"Add Product To Websites","Adicionar Produto para Websites"
"Add Root Category","Criar Categoria"
"Add Subcategory","Criar SubCategoria"
"Add Tax","Criar Imposto"
"Add Tier","Criar Faixa"
"Add attribute into attribute set","Adicionar atributo no grupo de atributos"
"Add group into attribute set","Adicionar grupo ao conjunto de atributos"
"Add new custom option into product","Adicionar nova opção ao produto"
"Add new values into custom option","Adicionar novos valores à opção"
"Add option","Adicionar opção"
"Add to Cart","Comprar"
"Add to Compare","Comparar Produto"
"Add to Wishlist","Adicionar aos Favoritos"
"Additional Information","Informação Adicional"
"Alert Urls","Urls de Alerta"
"All","Todos"
"All Product Types","Todos os Tipos de Produtos"
"All Websites","Todos Websites"
"All products","Todos os produtos"
"All products - recently added products, New products - products marked as new","Todos os produtos - adicionados recentemente, Novos produtos - produtos marcados com data de novo"
"All products of this set will be deleted! Are you sure you want to delete this attribute set?","Todos os produtos deste grupo serão excluídos! Deseja realmente excluir este grupo de atributos?"
"Allow All Products per Page","Permitir Exibir Todos os Produtos na Página"
"Allow Dynamic Media URLs in Products and Categories","Permitir URL Dinâmica de Mídia nos Produtos e Categorias"
"Allow HTML Tags on Frontend","Permitir tags HTML no Frontend"
"Allowed File Extensions","Extensões de Arquivos Permitidos"
"Allowed file extensions to upload","Extensões de arquivos permitidos para upload"
"Amount","Total"
"An error occurred while adding products to websites.","Ocorreu um erro ao adicionar produtos no websites."
"An error occurred while clearing comparison list.","Ocorreu um erro ao limpar a lista de comparações."
"An error occurred while deleting this review.","Ocorreu um erro ao excluir esta avaliação."
"An error occurred while removing products from websites.","Ocorreu um erro ao remover produtos do websites."
"An error occurred while saving the URL rewrite","Ocorreu um erro ao salvar Reescrita de URL."
"An error occurred while saving the attribute set.","Ocorreu um erro ao salvar grupo de atributos."
"An error occurred while saving the collection, aborting. Error message: %s","Ocorreu um erro ao salvar a coleção, cancelando. Mensagem de Erro: %s"
"An error occurred while saving the product. ","Ocorreu um erro ao salvar o produto. "
"An error occurred while saving the search query.","Ocorreu um erro ao salvar termos de pesquisa."
"An error occurred while saving this group.","Ocorreu um erro ao salvar este grupo."
"An error occurred while saving this review.","Ocorreu um erro ao salvar esta avaliação."
"An error occurred while trying to delete the category.","Ocorreu um erro ao tentar excluir a categoria."
"An error occurred while updating the product(s) attributes.","Ocorreu um erro ao atualizar os atributos dos produtos."
"An error occurred while updating the product(s) status.","Ocorreu um erro ao atualizar os status dos produtos."
"An invalid group ID is specified, skipping the record.","Um ID de grupo inválido foi informado, ignorando registro."
"An invalid option ID is specified for %s (%s), skipping the record.","Um ID de opção inválida foi informada para %s (%s), ignorando registro."
"An invalid store was specified.","Uma loja inválida foi informada."
"Anchor Custom Text","Vincular Texto Personalizado"
"Anchor Custom Title","Vincular Título Personalizado"
"Applicable to catalog products and categories only. Any media content will be inserted into editor as a static URL. It is not updated if the system configuration base URL changes.","Permitido apenas para produtos do catálogo e categorias. Qualquer conteúdo de mídia será inserido no editor como uma URL estática. E não será atualizado se a URL base do sistema mudar."
"Apply MAP (Default Value)","Aplicar MAP (Valor Padrão)"
"Apply To","Aplicar Para"
"Approved","Aprovado"
"Are you sure you want to delete this category?","Deseja realmente excluir esta categoria?"
"Are you sure you would like to remove all products from your comparison?","Deseja realmente excluir todos os produtos da lista de comparação?"
"Are you sure you would like to remove this item from the compare products?","Deseja realmente excluir o produto da lista de comparação?"
"Are you sure?","Você tem certeza?"
"As low as:","Menor Preço:"
"Assign","Atribuir"
"Assign product link","Atribuir link ao produto"
"Assign product to category","Atribuir categoria ao produto"
"Assigned Products","Produtos Atribuídos"
"Associated Products","Produtos Associados"
"Attrib. Set Name","Nome do Grupo de Atrib."
"Attribute ""%s"" is invalid.","Atributo ""%s"" inválido."
"Attribute ""%s"" is required.","Atributo ""%s"" obrigatório."
"Attribute Information","Informações do Atributo"
"Attribute Model","Modelo de Atributo"
"Attribute Name:","Nome do Atributo:"
"Attribute Set","Grupo de Atributos"
"Attribute Sets","Grupos de Atributos"
"Attribute add","Adicionar atributo"
"Attribute code is invalid. Please use only letters (a-z), numbers (0-9) or underscore(_) in this field, first character should be a letter.","Atributo inválido. Use apenas letras (a-z), números (0-9) ou underscore(_) neste campo, primeiro caracter deve ser uma letra."
"Attribute group with the \"/name/\" name already exists","Grupo de atributos com o nome \"/name/\" já existe"
"Attribute group with the \/name/\ already exists","Grupo de atributos com o nome \/name/\ já existe"
"Attribute remove","Remover atributo"
"Attribute with the same code already exists","Já existe um atributo com este código"
"Attributes","Atributos"
"Attrribute names can be specified per store.","Nomes de atributos podem ser específicos por loja."
"Autogenerate","Automático"
"Availability:","Disponível:"
"Back","Voltar"
"Backend Model","Modelo Backend"
"Backend Table","Tabela Backend"
"Backend Table Title","Título da Tabela Backend"
"Backorders","Pedido Aguardando Estoque"
"Based On","Com Base Em"
"Before Order Confirmation","Antes de Confirmar Pedido"
"Best Value","Relevância"
"Block after Info Column","Bloco depois da Coluna de Informação"
"Bottom Block Options Wrapper","Bloco de Grupo de Opções Abaixo"
"Bottom/Left","Abaixo/Esquerda"
"Bottom/Right","Abaixo/Direita"
"Browse By","Navegar Por"
"Bundle Items","Pacote de Produtos"
"Buy %1$s","Compre %1$s"
"Buy %1$s for","Compre %1$s leve"
"Buy %1$s for %2$s","Compre %1$s leve %2$s"
"Buy %1$s for %2$s (%3$s incl. tax) each","Compre %1$s por %2$s (%3$s incl. imposto) cada"
"Buy %1$s for %2$s each","Compre %1$s por %2$s cada"
"Cache Lifetime (Seconds)","Ciclo de vida do Cache (Segundos)"
"Cache refresh needed.","Cache precisa ser atualizado."
"Can be Divided into Multiple Boxes for Shipping","Pode ser Dividido em Diversas Caixas p/ Entrega"
"Can be used only with catalog input type Dropdown","Apenas p/ campos do tipo Combobox"
"Can be used only with catalog input type Dropdown, Multiple Select and Price","Apenas p/ campos do tipo Combobox, Seleção Múltipla e Preços"
"Can\'t create image.","Não foi possível criar imagem."
"Cancel","Cancelar"
"Cannot create image.","Não foi possível criar imagem."
"Cannot create writeable directory '%s'.","Não foi possível criar diretório com permissões de gravação '%s'."
"Cart Item Attribute","Atributo do Produto no Carrinho"
"Catalog","Catálogo"
"Catalog Category (Anchor)","Catálogo Categoria (Vínculo)"
"Catalog Category (Non-Anchor)","Catálogo Categoria (Sem-Vínculo)"
"Catalog Category (Without Subcategories)","Catálogo Categoria (Sem Subcategorias)"
"Catalog Category Link","Link do Catálogo de Categoria"
"Catalog New Products List","Lista de Novos Produtos do Catálogo"
"Catalog Price Scope","Escopo de Preços do Catálogo"
"Catalog Product Compare List","Lista de Comparação de Produtos do Catálogo"
"Catalog Product Email to a Friend","Avisar um Amigo no Catálogo de Produtos"
"Catalog Product Image Gallery Popup","Popup de Imagens no Catálogo de Produtos"
"Catalog Product Link","Link do Catálogo do Produto"
"Catalog Product View (Any)","Visutalizar Catálogo Produto (Todos)"
"Catalog Product View (Configurable)","Visualizar Catálogo Produto (Configurável)"
"Catalog Product View (Grouped)","Visualizar Catálogo Produto (Agrupado)"
"Catalog Product View (Simple)","Visualizar Catálogo Produto (Simples)"
"Catalog Product View (Virtual)","Visualizar Catálogo Produto (Virtual)"
"Catalog Section","Seção Catálogo"
"Catalog Seo Sitemap (Category List)","Catálogo Seo Sitemap (Lista de Categorias)"
"Catalog Seo Sitemap (Category Tree)","Catálogo Seo Sitemap (Árvore de Categorias)"
"Catalog Seo Sitemap (Common)","Catálogo Seo Sitemap (Normal)"
"Catalog Seo Sitemap (Product List)","Catálogo Seo Sitemap (Lista de Produtos)"
"Catalog URL Rewrites","Catálogo Reescrita de Url"
"Catalog product custom option values API","API Catálogo de produtos com opções de valores personalizados"
"Catalog product custom options API","API Catálogo de produtos com opções personalizadas"
"Catalog, Search","Catálogo, Busca"
"Categories","Categorias"
"Categories Sitemap","Sitemap de Categorias"
"Category","Categoria"
"Category API","API de Categoria"
"Category Data","Dados da Categoria"
"Category Flat Data","Categoria Unificada"
"Category Link Block Template","Template p/ Bloco de Links de Categoria"
"Category Link Inline Template","Template p/ Inline de Links de Categoria"
"Category Products","Produtos da Categoria"
"Category Top Navigation","Categoria Navegação Superior"
"Category URL Suffix","Categoria Sufixo URL"
"Category attributes API","API Atributos da categoria"
"Category move error","Erro ao mover categoria"
"Category move error %s","Erro ao mover categoria %s"
"Category move operation is not possible: the new parent category was not found.","Não foi possível mover a categoria: local de destino para categoria não foi encontrado."
"Category move operation is not possible: the current category was not found.","Não foi possível mover a categoria: categoria atual não foi encontrada."
"Category move operation is not possible: the new parent category was not found.","Não foi possível mover a categoria: categoria superior não foi encontrada."
"Category must be an instance of Mage_Catalog_Model_Category.","Categoria precisa ser uma instância de Mage_Catalog_Model_Category."
"Center","Centro"
"Change","Alterar"
"Change or Retrieve attribute store view","Alterar ou Recuperar atributos da visão"
"Change status","Alterar status"
"Check items to add to the cart or","Escolha os produtos que deseja adicionar ao carrinho ou "
"Choose an Option...","Selecione..."
"Clear All","Limpar Tudo"
"Clear Price","Limpar Preços"
"Click for price","Veja o preço"
"Close Window","Fechar Janela"
"Collapse All","Recolher"
"Comma-separated.","Separado por vírgula."
"Comparable","Comparável"
"Comparable on Front-end","Pode ser Comparado"
"Comparable on the Frontend","Comparável no Frontend"
"Compare","Comparar"
"Compare Products","Comparar Produtos"
"Conditions Combination","Condições de Combinação"
"Configurable Product","Produto Configurável"
"Configurable Product Settings","Configuração de Produtos Configuráveis"
"Configure Product","Produto Configurável"
"Continue","Avançar"
"Copy From Configurable","Copiar de Configurável"
"Country/State","País/Estado"
"Create","Criar"
"Create (Upload)","Criar (Upload)"
"Create Empty","Criar Vazio"
"Create Permanent Redirect for URLs if URL Key Changed","Criar Redirecionamento Permanente p/ URL caso a URL Chave seja alterada"
"Create Permanent Redirect for URL","Criar Redirecionamento Permanente p/ URL"
"Create Product Settings","Configurações de Criação do Produto"
"Create Simple Associated Product","Criar Produto de Simples Associação"
"Create attribute set based on another set","Criar grupo de atributo com base em outro grupo"
"Create new attribute","Criar atributo"
"Create new category","Criar Categoria"
"Create new product","Criar Produto"
"Cross-sells","Venda Cruzada"
"Currently Shopping by:","Atualmente Comprando de:"
"Custom Design","Visual Personalizado"
"Custom Options","Opções Personalizadas"
"Custom options","Opções personalizadas"
"Customer Group","Grupo Cliente"
"Customers Reviews","Comentários Clientes"
"Customers Tagged Product","Tags Clientes"
"Data Type for Saving in Database","Tipo de Dados para Salvar no Banco de Dados"
"Date & Time Custom Options","Opções Personalizadas de Data & Hora"
"Date Fields Order","Ordem dos Campos de Data"
"Date Subscribed","Data da Assinatura"
"Datetime","Data e Hora"
"Decimal","Decimal"
"Declare attribute value saving scope","Informe o ambiente em que o atributo ficará disponível"
"Default ""What's This"" Text Message","Padrão ""O que é isso"" Mensagem de Texto"
"Default Popup Text Message","Mensagem de Texto Padrão Popup"
"Default Price","Preço Padrão"
"Default Price Navigation Step","Preço Padrão Etapa Navegação"
"Default Qty","Quantidade Padrão"
"Default Values","Valores Padrão"
"Defines the base currency scope (""Currency Setup"" > ""Currency Options"" > ""Base Currency"").","Definir o escopo da moeda base (""Configuração de Moeda"" > ""Opção de Moeda"" > ""Moeda Base"")."
"Delete","Excluir"
"Delete Attribute","Excluir Atributo"
"Delete Attribute Set","Excluir Grupo de Atributo"
"Delete Category","Excluir"
"Delete Group Price","Excluir Grupo de Preço"
"Delete Option","Excluir Opção"
"Delete Row","Excluir Linha"
"Delete Search","Excluir Busca"
"Delete Selected Group","Excluir Grupo Selecionado"
"Delete Tier","Excluir Faixa"
"Delete attribute","Excluir atributo"
"Delete category","Excluir categoria"
"Delete product","Excluir produto"
"Depends on design theme","Depende do seu tema"
"Description","Descrição"
"Design","Visual"
"Details","Detalhes"
"Disabled","Desabilitado"
"Disallowed file type.","Tipo de arquivo não permitido."
"Display Actual Price","Exibir Preço Atual"
"Display Page Control","Exibir Página de Controle"
"Display Price Interval as One Price","Exibir Intervalo de Preço como Preço Único"
"Display Product Count","Exibir Quantidade de Produtos"
"Display Type","Tipo de Exibição"
"Display in Suggested Terms","Exibir em Termos Sugeridos"
"Display Settings","Opções de Exibição"
"Double click on a group to rename it","Duplo clique no grupo para renomear"
"Double click on above image to view full picture","Duplo clique para aumentar imagem"
"Downloadable Information","Informações de Download"
"Duplicate","Duplicar"
"Duplicate website group price customer group.","Duplicar website grupo de preço e grupo de cliente."
"Duplicate website tier price customer group and quantity.","Duplicar website faixa de preço, grupo de cliente, e quantidade."
"Duplicate website, country and state tax found.","Duplicar website, país, estado, e impostos encontrados."
"E.g. {{media url=""path/to/image.jpg""}} {{skin url=""path/to/picture.gif""}}. Dynamic directives parsing impacts catalog performance.","Ex. {{media url=""path/to/image.jpg""}} {{skin url=""path/to/picture.gif""}}. Analisar impacto de diretivas dinâmicas no desempenho do catálogo."
"Edit","Editar"
"Edit Attribute Set '%s'","Editar Grupo de Atributos '%s'"
"Edit Product Attribute","Editar Atributo"
"Edit Product Attribute ""%s""","Editar Atributo ""%s"""
"Edit Search","Editar Busca"
"Edit Search '%s'","Editar Busca '%s'"
"Edit Set Name","Editar Nome do Grupo"
"Email","Email"
"Email to a Friend","Avisar um Amigo"
"Empty","Vazio"
"Enable MAP","Habilitar MAP"
"Enable Qty Increments","Habilitar Quantidade Incrementos"
"Enable WYSIWYG","Permitir WYSIWYG"
"Enable for reindexing a big number of SKUs.","Habilitar reindexação para um grande número de SKUs."
"Enabled","Habilitado"
"Error during retrieval of option value: %s","Erro ao recuperar valor da opção: %s"
"Exclude","Retirar"
"Expand All","Expandir"
"Failed","Falhou"
"Failed to copy file %s. Please, delete media with non-existing images and try again.","Falha ao copiar arquivo %s. Apague a mídia com as imagens que não existem e tente novamente."
"Failed to move file: %s","Falha ao mover arquivo: %s"
"Feature Products","Produtos em Destaque"
"Field is not complete","Campo não está completo"
"File options format is not valid.","Formato das opções de arquivo não é válido."
"File upload failed","Falha ao enviar arquivo"
"Filter","Filtro"
"Filter model name must be declared.","Nome do modelo de filtro precisa ser declarado."
"Filter must be an object. Please set correct filter.","Filtro precisa ser um objeto. Marque o filtro corretamente."
"Filterable (no results)","Filtrar (mesmo sem resultados)"
"Filterable (with results)","Filtrar (apenas com resultados)"
"First Name","Nome"
"Fixed","Fixado"
"For internal use.","Para uso interno."
"For the last time placed.","Adicionado pela última vez."
"Frontend","Frontend"
"Frontend Model","Modelo Frontend"
"Frontend Properties","Propriedades Frontend"
"Gallery","Galeria"
"General Information","Informações Gerais"
"Get full information about attribute with list of options","Recuperar toda informação sobre o atributo com lista de opções"
"Get full information about custom option in product","Recuperar toda informação sobre opção personalizada do produto"
"Get list of available custom option types","Recuperar lista de tipos de opção personalizadas disponíveis"
"Get list of non-default attributes by product type and attributes set","Recuperar lista de atributos não-padrão por tipo de produto e grupo de atributos"
"Get list of possible attribute types","Recuperar lista de possíveis tipos de atributos"
"Get special price","Obter preço especial"
"Global","Global"
"Globally Editable","Editável Globalmente"
"Go to Home Page","Ir p/ Página Inicial"
"Grid","Tabela"
"Group add","Adicionar grupo"
"Group remove","Excluir grupo"
"Grouped Product","Produto Agrupado"
"Groups","Grupos"
"Home","Início"
"ID","ID"
"ID: %s","ID: %s"
"If empty, the Category Name will be used","Se vazio, o nome da Categoria será usado"
"If empty, the Product Name will be used","Se vazio, o nome do Produto será usado"
"If you do not specify an option value for a specific store view then the default (Admin) value will be used.","Se você não informar um valor para as opções disponíveis então o valor padrão (Admin) será usado."
"Image","Imagem"
"Image content is not valid base64 data.","Imagem não contem dados base64 válidos."
"Image does not exist.","Imagem não existe."
"Image file was not found.","Arquivo de imagem não encontrado."
"Image type and information need to be specified for each store view.","O tipo de imagem e informação precisam ser informadas para cada visão."
"In Cart","No Carrinho"
"In Stock","Em Estoque"
"In stock","Em estoque"
"Incl. Tax","Incl. Imposto"
"Index product and categories URL rewrites","Indexar reescrita de URL p/ produtos e categorias"
"Index product attributes for layered navigation building","Indexar atributos do produto p/ navegação em camadas"
"Index product prices","Indexar preços do produto"
"Indexed category/products association","Associação entre categorias e produtos indexados"
"Info","Info"
"Info Column Options Wrapper","Info Pacote de Opções da Coluna"
"Input Type","Tipo de Campo"
"Integer","Inteiro"
"Interval Division Limit","Limite Divisão Intervalo"
"Invalid Tier Prices","Faixa de Preços Inválida"
"Invalid attribute %s","Atributo Inválido %s"
"Invalid attribute option specified for attribute %s (%s), skipping the record.","Opção de atributo inválido para o atributo selecionado %s (%s), ignorando registro."
"Invalid attribute set specified, skipping the record.","Atributo selecionado inválido, ignorando registro."
"Invalid block: %s.","Bloco inválido: %s."
"Invalid category IDs.","IDs de categoria inválida."
"Invalid category.","Categoria inválida."
"Invalid image file type.","Tipo do arquivo de imagem inválida."
"Invalid image type.","Tipo de imagem inválida."
"Invalid option ID specified for %s (%s), skipping the record.","Opção de id selecionada inválida para %s (%s), ignorando registro."
"Invalid product type specified, skipping the record.","Tipo de produto selecionado inválido, ignorando registro."
"Invalid store specified","Loja selecionada inválida"
"Invalid store specified, skipping the record.","Loja selecionada inválida, ignorando registro."
"Invalid tier prices. The product is not associated to the requested website.","Faixa de preços inválida. Produto não está associado ao website informado."
"Inventory","Estoque"
"Is Default","Padrão"
"Is Required","Obrigatório"
"Items %s to %s of %s total","Itens %s para %s de %s total"
"Items that you do not want to show in the catalog or search results should have status 'Disabled' in the desired store.","Produtos que você não deseja exibir no catálogo ou nos resultados de busca precisam ter o status 'Desabilitado' nas opções da loja."
"Items that you don't want to show in the catalog or search results should have status 'Disabled' in the desired store.","Produtos que você não quer exibir no catálogo ou nos resultados de busca precisam ter o status 'Desabilitado' nas opções da loja."
"Keep your eyes open for our special Back to School items and save A LOT!","Fique de olhos abertos nas promoções de volta as aulas e economize MUITO!"
"Label","Descrição"
"Last Name","Sobrenome"
"Last Notification","Última Notificação"
"Layered Navigation","Navegação em Camadas"
"Learn More","Detalhes"
"Line %d, Email: %s","Linha %d, Email: %s"
"Line %d, SKU: %s","Linha %d, SKU: %s"
"Link (Related, Up sell, Cross sell)","Link (Relacionado, Venda Agregada, Venda Cruzada)"
"Link product does not exist.","Link do produto não existe."
"Link to a Specified Category","Link p/ Categoria Informada"
"Link to a Specified Product","Link p/ Produto Informado"
"List","Lista"
"List Mode","Forma de Exibir os Produtos"
"List of Products that are set as New","Lista de Produtos que você marcou como Novo"
"List of types","Lista de tipos"
"Manage Attribute Sets","Gerenciar Grupo de Atributos"
"Manage Attributes","Gerenciar Atributos"
"Manage Catalog Categories","Gerenciar Catálogo de Categorias"
"Manage Categories","Gerenciar Categorias"
"Manage Label / Options","Gerenciar Descrição/Opções"
"Manage Options (values of your attribute)","Gerenciar Opções (valores do seu atributo)"
"Manage Product Attributes","Gerenciar Atributos do Produto"
"Manage Product Sets","Gerenciar Grupos de Produto"
"Manage Products","Gerenciar Produtos"
"Manage Stock","Gerenciar Estoque"
"Manage Titles (Size, Color, etc.)","Gerenciar Descrição (Tamanho, Cor, etc.)"
"Max Characters","Máx. Caracteres"
"Maximal Depth","Profundidade Máxima"
"Maximum Image Size","Tamanho Máximo da Imagem"
"Maximum Number of Price Intervals","Número Máximo de Intervalos de Preço"
"Maximum Qty Allowed in Shopping Cart","Qtd Máxima Permitida no Carrinho"
"Maximum allowed image size for '%s' is %sx%s px.","Tamanho máximo permitido p/ imagem de '%s' é %sx%s px."
"Maximum image height","Altura máxima da imagem"
"Maximum image width","Largura máxima da imagem"
"Maximum number of characters:","Número máximo de caracteres:"
"Maximum number of price intervals is 100","Número máximo de intervalos de preço é 100"
"Maximum width base product image will be scaled down to in pixels","A largura máxima da imagem base será alterada para pixels"
"Maximum width small product image will be scaled down to in pixels","A largura máxima da imagem reduzida será alterada para pixels"
"Media Image","Mídia de Imagem"
"Minimum Advertised Price","Preço Mínimo Anunciado"
"Minimum Lines per Page","Mínimo de Linhas por Página"
"Minimum Qty Allowed in Shopping Cart","Qtd Mínima Permitida no Carrinho"
"Minimum Qty for Item\'s Status to be Out of Stock","Qtd Mínima p/ Indicar que o Produto está Esgotado"
"Missing SKU, skipping the record.","Faltando SKU, ignorar registro."
"More Views","Mais Imagens"
"Move","Mover"
"Move category in tree","Mover categoria na árvore"
"Multi update product","Multi update product"
"Must be in the allowed values list.","Precisa estar na lista de valores permitidos."
"My Account","Minha Conta"
"N/A","N/A"
"Name","Nome"
"Name in %s","Nome Em %s"
"New Product","Novo Produto"
"New Product Attribute","Novo Atributo de Produto"
"New Products","Novos Produtos"
"New Products Grid Template","Template Tabela de Novos Produtos"
"New Products List Template","Template Lista de Novos Produtos"
"New Root Category","Nova Categoria Principal"
"New Search","Nova Pesquisa"
"New Set Name","Novo Nome Grupo"
"New Subcategory","Nova SubCategoria"
"New products","Novos Produtos"
"Next","Próximo"
"No","Não"
"No image","Sem imagem"
"No layout updates","Sem atualizações de leiaute"
"No options of this product are available.","Nenhuma opção está disponível para este produto."
"No product collections found.","Nenhuma coleção de produtos encontrada."
"None","Nenhum"
"Not Visible Individually","Não Exibir Individualmente"
"Notify Low Stock RSS","RSS Notificar Baixo Estoque"
"Notify for Quantity Below","Avisar sobre Quantidade Baixa"
"Number of Products per Page","Número de Produtos por Página"
"Number of Products to Display","Número de Produtos p/ Exibir"
"Number of Uses","Número de Usos"
"Number of results","Número de resultados"
"Number of results (For the last time placed)","Número de resultados (Para último colocado)"
"OK","OK"
"OR","OU"
"Old Price:","Preço Original:"
"On Gesture","Em Sinal"
"Option validation failed to add product to cart.","Falha ao validar opção p/ adicionar produto no carrinho."
"Option values","Valores da opção"
"Option:","Opção:"
"Options","Opções"
"Options Control","Controle de Opções"
"Options is required","Opção obrigatória"
"Our customer service is available 24/7. Call us at (555) 555-0123.","Nossos serviços estão disponíveis 24/7. Entre em contato (555) 555-0123."
"Out of Stock","Sem Estoque"
"Out of stock","Sem estoque"
"PM","PM"
"Page Title Separator","Separador de Título da Página"
"Parent Category","Categoria Acima"
"Pending","Pendente"
"Pending Reviews RSS","RSS Comentários Pendentes"
"Percentage","Porcentagem"
"Please add rows to option.","Adicionar linhas para opções."
"Please be careful as once you click on the row it will load package data form the selected file and all unsaved form data will be lost.","Atenção, ao clicar na linha todos os dados do pacote serão carregados no formulário selecionado e os dados que não foram salvos serão perdidos."
"Please click on the Close Window button if it is not closed automatically.","Clique em Fechar Janela se você não deseja fechar automaticamente."
"Please enter a new group name","Informe o nome do grupo"
"Please refresh ""Catalog URL Rewrites"" and ""Product Attributes"" in System -> <a href=""%s"">Index Management</a>","Atualize ""Reescrita de URL de Catálogos"" e ""Atributo dos Produtos"" em Sistema -> <a href=""%s"">Gerenciador de Índeces</a>"
"Please refresh ""Catalog URL Rewrites"" and ""Product Attributes"" in System -> <a href=""%s"">Index Management</a>","Atualize ""Reescrita de URL de Catálogos"" e ""Atributo dos Produtos"" em Sistema -> <a href=""%s"">Gerenciador de Índeces</a>"
"Please refresh ""Product Attributes"" in System -&gt; <a href=""%s"">Index Management</a>","Atualize ""Atributos dos Produtos"" em Sistema -&gt; <a href=""%s"">Gerenciador de Índeces</a>"
"Please select a static block ...","Selecione um bloco estático..."
"Please select items.","Selecione os produtos."
"Please select one or more attributes.","Selecione um ou mais atributos."
"Please select product(s).","Selecione produto(s)."
"Please select products for attributes update","Selecione produtos para atualizar atributos"
"Please set up merge date/time","Informe uma data/hora para o merge"
"Please set up merge date/time later then present date","Informe uma data/hora superior a data de hoje"
"Please specify date required option(s).","Informe as opções de data obrigatória."
"Please specify the number of products, that will not be divided into subintervals.","Informe o número de produtos, não será dividido entre os sub-intervalos."
"Please specify the product required option(s)","Algumas opções são obrigatórias"
"Please specify the product required option(s).","Algumas opções são obrigatórias."
"Please specify the product\'s option(s).","Informe as opções dos produtos."
"Please specify the product\'s required option(s).","Informe as opções obrigatórias dos produtos."
"Please specify the quantity of product(s).","Informe a quantidade de produto(s)."
"Please specify time required option(s).","Informe a opção tempo obrigatória."
"Please wait...","Aguarde..."
"Position","Relevância"
"Position in Layered Navigation","Posição na Camada de Navegação"
"Position of attribute in layered navigation block","Ordem de exibição na área de navegação"
"Prev","Anterior"
"Previous","Anterior"
"Price","Preço"
"Price Navigation Step Calculation","Navegação de Preço Etapa de Cálculo"
"Price Type","Tipo de Preço"
"Price is not available","Preço não está disponível"
"Price values for options should be specified in system base currency.","Opções para valores de Preços precisam ser informados no sistema de moeda base."
"Price:","Preço:"
"Price: %s","Preço: %s"
"Print This Page","Imprimir Página"
"Product","Produto"
"Product API","API Produto"
"Product Alerts","Alerta de Produtos"
"Product Attribute","Atributo do Produto"
"Product Attributes","Atributos do Produto"
"Product Categories","Categorias do Produto"
"Product Description","Descrição"
"Product Extra Info","Info Extra Produto"
"Product Flat Data","Produto Unificado"
"Product ID","ID Produto"
"Product Image Placeholders","Substituto de Imagens"
"Product Image Watermarks","Marca D'água dos Produtos"
"Product Images","Imagens do Produto"
"Product Images API","API Imagens do Produto"
"Product In Websites","Produto Em Websites"
"Product Info Column","Info Coluna de Produto"
"Product Information","Informação de Produto"
"Product Link Block Template","Template Bloco de Link p/ Produto"
"Product Link Inline Template","Template Inline de Link p/ Produto"
"Product Listing Sort by","Listando Produtos pela Ordem"
"Product Name","Nome do Produto"
"Product Prices","Preços do Produto"
"Product Reviews","Comentários do Produto"
"Product Tags","Tags do Produto"
"Product Tier Price API","API Faixa de Preços do Produto"
"Product Type","Tipo de Produto"
"Product URL Suffix","Sufixo da URL do Produto"
"Product View Extra Hint","Visualizar Dica Extra do Produto"
"Product attribute sets API","API Marcação dos atributos do Produto"
"Product attributes API","API Atributos do Produto"
"Product collection expected.","Coleção de produtos esperado."
"Product is not loaded","Produto não carregado"
"Product links API (related, cross sells, up sells)","API Links do Produto (Relacionado, Venda Agregada, Venda Cruzada)"
"Product types API","API Tipos de Produto"
"Product with this combination of attributes already associated to configurable.","Produto com estas combinações de atributos já está associado para configurados."
"Products","Produtos"
"Products Comparison List","Lista de Comparação de Produtos"
"Products Information","Informações de Produtos"
"Products Reviews","Comentários dos Produtos"
"Products Sitemap","Sitemap de Produtos"
"Products only","Apenas Produtos"
"Products per Page on Grid Allowed Values","Produtos por Página na Tabela de Valores Permitidos"
"Products per Page on Grid Default Value","Produtos por Página na Tabela de Valores Padrão"
"Products per Page on List Allowed Values","Produtos por Página na Lista de Valores Permitidos"
"Products per Page on List Default Value","Produtos por Página na Lista de Valores Padrão"
"Properties","Propriedades"
"Qty","Qtd"
"Qty Increments","Qtd de Incremento"
"Qty Uses Decimals","Qtd Usos Decimais"
"Qty for Item\'s Status to Become Out of Stock","Qtd p/ tornar o Status do Produto em Esgotado"
"Qty:","Qtd:"
"Quantity","Quantidade"
"Quick Create","Criar Rapidamente"
"Quick Overview","Descrição Rápida"
"Quick simple product creation","Criar produto simples rapidamente"
"Records for ""","Registros para """
"Redirect","Redirecionar"
"Redirect URL","Redirecionar URL"
"Regular Price:","Preço:"
"Related Products","Produtos Relacionados"
"Remove","Remover"
"Remove Product From Websites","Remover Produto dos Websites"
"Remove This Item","Remover Este Produto"
"Remove attribute from attribute set","Remover atributo do grupo de atributos"
"Remove attribute set","Remover grupo de atributos"
"Remove custom option","Remover opção personalizada"
"Remove group from attribute set","Remover grupo do grupo de atributos"
"Remove option","Remover opção"
"Remove product assignment","Remover atribuição do produto"
"Remove product image","Remover imagem do produto"
"Remove product link","Remover link do produto"
"Remove value from custom option","Remover valor da opção personalizada"
"Rename existing group","Renomear grupo existente"
"Rename group","Renomear grupo"
"Reorganize EAV category structure to flat structure","Reorganizar estrutura de categoria EAV para estrutura flat"
"Reorganize EAV product structure to flat structure","Reorganizar estrutura de produtos EAV para estrutura flat"
"Reset","Reiniciar"
"Results","Resultados"
"Retrieve attribute data","Recuperar dados do atributo"
"Retrieve attribute list","Recuperar lista de atributos"
"Retrieve attribute options","Recuperar opções dos atributos"
"Retrieve categories tree","Recuperar árvore de categorias"
"Retrieve category attributes","Recuperar atributos de categoria"
"Retrieve category data","Recuperar dados da categoria"
"Retrieve hierarchical tree","Recuperar árvore hierárquica"
"Retrieve linked products","Recuperar produtos linkados"
"Retrieve list of assigned products","Recuperar lista de produtos marcados"
"Retrieve list of option values","Recuperar lista de valores de opções"
"Retrieve list of product custom options","Recuperar lista de opções de produtos personalizados"
"Retrieve one level of categories by website/store view/parent category","Recuperar primeiro nível das categorias por website/loja visão/categoria"
"Retrieve option value info","Recuperar info dos valores da opção"
"Retrieve product","Recuperar produto"
"Retrieve product attribute sets","Recuperar grupo de atributos do produto"
"Retrieve product image","Recuperar imagem do produto"
"Retrieve product image list","Recuperar lista de imagens do produto"
"Retrieve product image types","Recuperar tipos de imagens do produto"
"Retrieve product link type attributes","Recuperar tipo de link dos atributos do produto"
"Retrieve product link types","Recuperar tipos de link do produto"
"Retrieve product tier prices","Recuperar faixa de preço do produto"
"Retrieve product types","Recuperar tipos do produto"
"Retrieve products data","Recuperar dados do produto"
"Retrieve products list by filters","Recuperar lista da produto utilizando filtros"
"Reviews","Comentários"
"Roll Over for preview","Utilize a barra de rolagem"
"Root","Principal"
"SKU","SKU"
"SKU length should be %s characters maximum.","Tamanho do SKU deve ter %s caracteres no máximo."
"Save","Salvar"
"Save Attribute","Salvar Atributo"
"Save Attribute Set","Salvar Grupo de Atributos"
"Save Category","Salvar Categoria"
"Save Search","Salvar Busca"
"Save and Continue Edit","Salvar e Continuar"
"Saved %d record(s)","Salvo %d registro(s)"
"Scope","Escopo"
"Scope must not be changed, because the attribute is used in configurable products.","Escopo deve ser alterado, porque o atributo é usado em produtos configuráveis."
"Search","Buscar"
"Search Engine Optimizations","Otimizações no Motor de Busca"
"Search Information","Informação de Busca"
"Search Query","Consulta de Busca"
"Search Term with such search query already exists.","Termos de pesquisa com consulta de busca já existe."
"Search Weight","Consultar Peso"
"Searchable","Pesquisável"
"See price before order confirmation.","Visualizar preço antes de confirmar pedido."
"Select Category...","Selecionar Categoria..."
"Select Configurable Attributes ","Selecionar Atributos Configuráveis "
"Select Product...","Selecionar Produto..."
"Select type of option","Selecionar tipo de opção"
"Select type options required values rows.","Tipo de opções selecionado exige valores na linha."
"Selected Product Types","Tipos de Produto Selecionados"
"Send Count","Enviar Conta"
"Set Ascending Direction","Direção Ascendente"
"Set Descending Direction","Direção Descendente"
"Set Name","Definir Nome"
"Set Root Category for Store","Definir Categoria Principal p/ Loja"
"Set root category for this store in the <a href=""%s"">configuration</a>","Definir categoria principal para este loja em <a href=""%s"">configuração</a>"
"Set special price","Definir preço promocional"
"Set/Get current store view","Definir/Recuperar visão de loja atual"
"Settings","Configurações"
"Share Facebook","Compartilhar Facebook"
"Share on Facebook","Compartlhar no Facebook"
"Share on Twitter","Compartilhar no Twitter"
"Shop By","Comprando Por"
"Shopping Options","Opções de Compra"
"Show","Exibir"
"Show Details","Exibir Detalhes"
"Show Tags","Exibir Tags"
"Simple Product","Produto Simples"
"Site Map","Mapa do Site"
"Sitemap","Sitemap"
"Skip import row, is not valid value ""%s"" for field ""%s""","Ignorar linha, valor inválido ""%s"" para o campo ""%s"""
"Skip import row, required field ""%s"" for the new customer is not defined.","Ignorar linha, campo obrigatório ""%s"" p/ o novo cliente não foi informado."
"Skip import row, the value ""%s"" is invalid for field ""%s""","Ignorar linha, o valor ""%s"" é inválido para o campo ""%s"""
"Skipping import row, required field ""%s"" for new products is not defined.","Ignorar linha, campo obrigatório ""%s"" p/ novos produtos não foi informado."
"Skipping import row, required field ""%s"" is not defined.","Ignorar linha, campo obrigatório ""%s"" não foi informado."
"Skipping import row, store ""%s"" field does not exist.","Ignorar linha, loja ""%s"" campo não existe."
"Skipping import row, the value ""%s"" is not valid for the ""%s"" field.","Ignorar linha, o valor ""%s"" não é válido para ""%s"" campo."
"Small Image Width","Largura da Imagem"
"Some of the processed products have no SKU value defined. Please fill it prior to performing operations on these products.","Alguns dos produtos processados não possuem valor SKU informado. Necessário informar valor p/ este produto antes de colocar em operação."
"Some of the selected item options are not currently available.","Algumas das opções de itens selecionados não estão disponíveis."
"Sort By","Ordem"
"Sort Order","Ordem"
"Source Model","Modelo Fonte"
"Special Expires On: %s","Promoção Expira Em: %s"
"Special Price:","Preço Promocional:"
"Special Price: %s","Preço Promocional: %s"
"Starting at:","Inicia em:"
"Static","Estático"
"Static block and products","Bloco estático e produtos"
"Static block only","Apenas bloco estático"
"Status","Status"
"Stock Availability","Disponibilidade de Estoque"
"Store","Loja"
"Store View","Visão"
"Stretch","Estender"
"Subscribe to RSS Feed","Assinar Feed RSS"
"Super product attributes configuration","Super configuração de atributos do produto"
"Synonym For","Sinônimo Para"
"System Properties","Propriedades do Sistema"
"Tag Name","Nome da Tag"
"Tax","Imposto"
"Template","Template"
"Text","Texto"
"The Flat Catalog module has a limit of %2\$d filterable and/or sortable attributes. Currently there are %1\$d of them. Please reduce the number of filterable/sortable attributes in order to use this module","O módulo de categoria Flat possuim um limite de %2\$d filtros e/ou atributos ordenáveis. Atualmente possui %1\$d destes. Diminua o número de filtros/atributos na ordem para utilizar este módulo"
"The From Date value should be less than or equal to the To Date value.","A Data de Início deve ser menor ou igual à Data Final."
"The attribute code \'%s\' is reserved by system. Please try another attribute code","O código \'%s\' é reservado para o sistema. Escolha outro código para o atributo"
"The attribute model is not defined","O modelo do atributo não foi informado"
"The attribute set has been saved.","O grupo de atributo foi salvo."
"The base directory to upload file is not specified.","O diretório para upload de arquivos não foi informado."
"The category has been deleted.","A categoria foi excluida."
"The category has been saved.","A categoria foi salva."
"The comparison list was cleared.","A lista de comparação foi limpa."
"The file '%s' for '%s' has an invalid extension","O arquivo '%s' para '%s' possui uma extensão inválida"
"The file '%s' you uploaded is larger than %s Megabytes allowed by server","O arquivo '%s' enviado ultrapassa %s Mb permitidos pelo servidor"
"The file you uploaded is larger than %s Megabytes allowed by server","O arquivo que você enviou possui mais de %s Megabytes permitidos pelo servidor"
"The filters must be an array.","Os filtros precisam ser um array."
"The image contents is not valid base64 data.","O conteúdo da imagem não possui dados base64 válidos."
"The image is not specified.","A imagem não foi informada."
"The model collection resource name is not defined.","O nome do modelo de coleção de recursos não foi informado."
"The product %s has been added to comparison list.","O produto %s foi adicionado à lista de comparação."
"The product %s has been removed from comparison list.","O produto %s foi retirado da lista de comparação."
"The product attribute has been deleted.","O atributo do produto foi excluido."
"The product attribute has been saved.","O atributo do produto foi salvo."
"The product has been created.","O produto foi criado."
"The product has been deleted.","O produto foi excluido."
"The product has been duplicated.","O produto foi duplicado."
"The product has been saved.","O produto foi salvo."
"The product has required options","O produto possui opções obrigatórias"
"The review has been deleted","A análise foi excluida"
"The review has been saved.","A análise foi salva."
"The review was removed by another user or does not exist.","A análise foi excluida por outro usuário ou não existe."
"The search was deleted.","A busca foi excluida."
"The text is too long","O texto é muito grande"
"There are no %s available.","Não possui %s disponível."
"There are no customers for this alert","Não existem clientes para este alerta"
"There are no customers for this alert.","Não existem clientes para este alerta."
"There are no products matching the selection.","Nenhum produto coincide com esta seleção."
"There was an error while request processing.","Ocorreu um erro ao processar a solicitação."
"This Attribute no longer exists","Este Atributo não existe mais"
"This attribute cannot be deleted.","Este atributo não pode ser excluido."
"This attribute cannot be edited.","Este atributo não pode ser editado."
"This attribute cannot be updated.","Este atributo não pode ser atualizado."
"This attribute is used in configurable products.","Este atributo é usado por produtos configuráveis."
"This attribute is used in configurable products. You cannot remove it from the attribute set.","Este atributo é usado por produtos configuráveis. Você não pode remover do grupo de atributos."
"This attribute no longer exists","Este atributo não existe mais"
"This attribute set no longer exists.","Este grupo de atributo não existe mais."
"This group contains attributes, used in configurable products. Please move these attributes to another group and try again.","Este grupo contem atributos, utilizado em produtos configuráveis. Mova estes atributos para outro grupo e tente novamente."
"This group contains system attributes. Please move system attributes to another group and try again.","Este grupo contem atributos do sistema. Mova os atributos do sistema para outro grupo e tente novamente."
"This is a required option","Este opção é obrigatória"
"This product no longer exists.","Este produto não existe mais."
"This search no longer exists.","Esta busca não existe mais."
"This setting will be applied when all prices in the specific price interval are equal.","Esta configuração será aplicada quando todos os preços de um intervalo específico forem iguais."
"Tier Pricing","Faixa de Preço"
"Tile","Sobreposta"
"Time Format","Formato da Hora"
"Title","Título"
"To reindex the enabled product(s), the store or product must be specified","Para reindexar os produtos habilitados, a loja ou produto precisa ser informado"
"To see product price, add this item to your cart. You can always remove it later.","Para visualizar o preço do produto, adicione o produto ao carrinho. Você poderá remove-lo posteriormente."
"Top/Left","Topo/Esquerda"
"Top/Right","Topo/Direita"
"Total Qty Base Items","Qtd Total de Produtos Base"
"Total Qty Content Items","Qtd Total de Itens"
"Total incl. Tax: %1$s","Total incl. Imposto: %1$s"
"Total of %d record(s) have been deleted.","Total de %d registro(s) excluidos."
"Total of %d record(s) have been updated.","Total de %d registro(s) atualizados."
"Total of %d record(s) were updated","Total de %d registro(s) foram atualizados"
"Type","Tipo"
"URL Rewrite Management","Gerenciar Reescrita de URL"
"Unable to complete this request.","Impossível completar essa solicitação."
"Unable to find a search term to delete.","Impossível encontrar o termo de busca para excluir."
"Unable to find an attribute to delete.","Impossível encontrar o atributo para excluir."
"Unable to get the product ID.","Impossível recuperar ID do produto."
"Unassigned Attributes","Atributos não utilizados"
"Unknown EAV indexer type ""%s"".","Tipo de indexador EAV desconhecido ""%s""."
"Unknown attribute: %s.","Atributo desconhecio: %s."
"Unsupported product type ""%s"".","Tipo de produto não suportado ""%s""."
"Up-sells","Venda Agregada"
"Update","Atualizar"
"Update Attributes","Atualizar Atributos"
"Update Tier Price","Atualizar Faixa de Preços"
"Update assigned product","Atualizar produtos atribuidos"
"Update attribute","Atualizar atributo"
"Update attributes","Atualizar atributos"
"Update category","Atualizar categoria"
"Update custom option of product","Atualizar opção personalizada do produto"
"Update product","Atualizar produto"
"Update product image","Atualizar imagem do produto"
"Update product link","Atualizar link do produto"
"Update product tier prices","Atualizar faixa de preços do produto"
"Update value of custom option","Atualizar valor da opção personalizada"
"Upload new product image ","Atualizar nova imagem do produto "
"Use Canonical Link Meta Tag For Categories","Utilizar Meta Tag de Canonical Link p/ Categorias"
"Use Canonical Link Meta Tag For Products","Utilizar Meta Tag de Canonical Link p/ Produtos"
"Use Categories Path for Product URLs","Inserir Categoria nas URLs dos Produtos"
"Use Config Settings","Utilizar Definições de Configuração"
"Use Default Value","Utilizar Valor Padrão"
"Use Flat Catalog Category","Utilizar Catálogo de Categoria Flat"
"Use Flat Catalog Product","Utilizar Catálogo de Produtos Flat"
"Use In Layered Navigation","Utilizar Navegação em Camadas"
"Use In Search Results Layered Navigation","Utilizar Navegação em Camadas nos Resultados de Busca"
"Use JavaScript Calendar","Utilizar Calendário JavaScript"
"Use Static URLs for Media Content in WYSIWYG for Catalog","Utilizar URLs Estáticas para Conteúdo de Mídia com WYSIWYG no Catálogo"
"Use To Create Configurable Product","Utilizar Para Criar Produtos Configuráveis"
"Use Tree Like Category Sitemap","Utilizar Sitemap Como Árvore de Categoria"
"Use config","Utilizar configuração"
"Use default","Utilizar padrão"
"Use for Promo Rule Conditions","Utilizar como Condição de Regra Promocional"
"Use four-digit year format.","Utilizar ano no formato de quatro dígitos."
"Use in Advanced Search","Utilizar em Busca Avançada"
"Use in Layered Navigation","Utilizar em Navegação por Camadas"
"Use in Layered Navigation<br/>(Can be used only with catalog input type 'Dropdown')","Utilizar em Navegação por Camadas<br/>(Pode ser usado apenas em catálogos com campos do tipo 'Combobox')"
"Use in Quick Search","Utilizar em Busca Rápida"
"Used for Sorting in Product Listing","Utilizar p/ Organizar Listagem de Produtos"
"Used in Product Listing","Utilizar em Listagem de Produtos"
"Value for ""%s"" is invalid.","Valor ""%s"" inválido."
"Value for ""%s"" is invalid: %s","Valor ""%s"" inválido: %s"
"Varchar","Varchar"
"View Details","Detalhes"
"View as","Visualizar como"
"Virtual Product","Produto Virtual"
"Visibility","Visibilidade"
"Visible","Visível"
"Visible on Catalog Pages on Front-end","Visível nas Páginas de Catálogo no Frontend"
"Visible on Product View Page on Front-end","Visível nas Páginas de Produto no Frontend"
"WYSIWYG Editor","Editor WYSIWYG"
"Watermark","Marca dágua"
"Watermark Default Size","Tamanho Padrão da Marca dágua"
"Watermark Opacity, Percent","Transparencia da Marca dágua, Percentual"
"Watermark Position","Posição da Marca dágua"
"We Also Recommend","Recomendados"
"Website","Website"
"Website Item Must be checked","Website Item deve ser informado"
"Website Store Must be checked","Website Store deve ser informado"
"Websites","Websites"
"What's this?","O que é isso?"
"Whether to show ""All"" option in the ""Show X Per Page"" dropdown.","Para exibir ""Todas"" opções no combobox ""Exibir X Por Página""."
"Will make search for the query above return results for this search.","A busca será feita para a consulta e os resultados serão retornados a seguir."
"Wrong BuyRequest instance in options group.","Erro na instância BuyRequest no grupo de opções."
"Wrong configuration item instance in options group.","Erro na configuração do produto para o grupo de opcões."
"Wrong configuration item option instance in options group.","Erro na configuração da opção do produto para o grupo de opções."
"Wrong option instance type in options group.","Erro no tipo de opção do grupo de opções."
"Wrong option type to get group instance.","Erro no tipo de opção p/ recuperar grupo."
"Wrong product instance type in options group.","Erro no tipo de produto do grupo de opções."
"Wrong product type filter specified","Erro no tipo de filtro do produto informado"
"Wrong product type to extract configurable options.","Erro no tipo de produto p/ extrair opções de configuração."
"Year Range","Período Anual"
"Yes","Sim"
"You cannot remove system attribute from this set.","Você não pode remover atributos do sistema deste grupo."
"You have no items to compare.","Nada para comparar."
"You may also be interested in the following product(s)","Talvez você se interesse por estes produtos"
"Zoom In","Aumentar"
"Zoom Out","Reduzir"
"and","e"
"and above","e acima"
"categories","categorias"
"each","cada"
"ex. http://domain.com","ex. http://escolamagento.com"
"leave blank if its not an image","deixe em branco se não for uma imagem"
"per page","por página"
"products","produtos"
"px.","px."
"save","economize"
"select all","marcar todos"
"unselect all","desmarcar todos"
"x","x"
"###","- - - - - - - - - - - - - - - - - - - - -"
"###","Frases personalizadas que existem apenas neste tema 1.9."
"###","- - - - - - - - - - - - - - - - - - - - -"
"###","Modulo de Pagina"
"Results per page","Resultados por página"
"%s-%s of %s","%s-%s de %s"
"###","Modulo de Catalogo"
"Filter","Filtros"
"View Details","Detalhes"
"Share on Facebook","Compartilhar no Facebook"
"Share on Twitter","Compartilhar no Twitter"
"###","Checkout Module"
"Are you sure you want to leave this page? You will need to go through the checkout steps again.","Deseja mesmo sair? Será preciso repetir os processos anteriores de chekcout."
"Zip/Postal Code","Cep"
"Discount Codes?","Cupom de Desconto"
"###","Customer Module"
"New Here?","Novo Aqui?"
"Registration is free and easy!","Cadastre-se! é fácil e rápido!"
"Faster checkout","Agilidade no pagamento"
"Save multiple shipping addresses","Armanzene vários endereços"
"View and track orders and more","Acompanhe seus pedidos"
"Please enter the following information to create your account.","Preencha os campos abaixo para criar sua conta."
